
CREATE DATABASE IF NOT EXISTS `ecommerce`;
USE `ecommerce`;

CREATE TABLE IF NOT EXISTS `categorias` (
  `categoria_id` int(11) NOT NULL AUTO_INCREMENT,
  `nombre` varchar(50) NOT NULL,
  PRIMARY KEY (`categoria_id`)
);

INSERT INTO `categorias` (`categoria_id`, `nombre`) VALUES
	(1, 'Calzado y zapatillas'),
	(2, 'Remeras'),
	(3, 'Pantalones'),
	(4, 'Buzos y camperas'),
	(5, 'Pelotas'),
	(6, 'Trajes de baño'),
	(7, 'Ropa interior'),
	(8, 'Televisores'),
	(9, 'Celulares'),
	(10, 'Electrodomesticos'),
	(11, 'Computadores'),
	(12, 'Audio'),
	(13, 'Video'),
	(14, 'Cuidado Personal'),
	(15, 'Otros');

CREATE TABLE IF NOT EXISTS `ciudades` (
  `ciudad_id` int(11) NOT NULL AUTO_INCREMENT,
  `nombre` varchar(100) NOT NULL,
  `provincia_id` int(11) DEFAULT NULL,
  PRIMARY KEY (`ciudad_id`),
  KEY `provincia_id` (`provincia_id`),
  FOREIGN KEY (`provincia_id`) REFERENCES `provincias` (`provincia_id`)
);

INSERT INTO `ciudades` (`ciudad_id`, `nombre`, `provincia_id`) VALUES
	(1, 'Ciudad Autonoma de Buenos Aires', 1),
	(2, 'La Plata', 3),
	(3, 'Bahia Blanca', 3),
	(4, 'Necochea', 3),
	(5, 'San Isidro', 2),
	(6, 'Formosa', 2),
	(7, 'Córdoba', 2),
	(8, 'Ushuaia', 22),
	(9, 'Paraná', 7),
	(10, 'Bogotá', 23),
	(11, 'Caracas', 24),
	(12, 'Lima', 25),
	(13, 'Río de Janeiro', 26),
	(14, 'Santiago de Chile', 27),
	(15, 'Sucre', 28),
	(16, 'Montevideo', 29),
	(17, 'Asunción', 30);

CREATE TABLE IF NOT EXISTS `compras` (
  `compra_id` int(11) NOT NULL AUTO_INCREMENT,
  `fecha_compra` datetime NOT NULL,
  `usuario_id` int(11) DEFAULT NULL,
  `producto_id` int(11) DEFAULT NULL,
  `cantidad` smallint(4) NOT NULL,
  `precio_total` float NOT NULL,
  PRIMARY KEY (`compra_id`),
  KEY `usuario_id` (`usuario_id`),
  KEY `producto_id` (`producto_id`),
  FOREIGN KEY (`usuario_id`) REFERENCES `usuarios` (`usuario_id`),
  FOREIGN KEY (`producto_id`) REFERENCES `productos` (`producto_id`)
);

INSERT INTO `compras` (`compra_id`, `fecha_compra`, `usuario_id`, `producto_id`, `cantidad`, `precio_total`) VALUES
	(1, '2017-08-24 11:24:01', 1, 1, 1, 5500),
	(2, '2018-01-07 01:52:50', 3, 1, 1, 5500),
	(3, '2019-07-10 04:30:29', 4, 2, 1, 3600),
	(4, '2018-09-19 05:45:50', 5, 2, 1, 3600),
	(5, '2019-04-02 12:39:54', 3, 3, 1, 1100),
	(6, '2018-04-09 11:30:48', 4, 3, 1, 1100),
	(7, '2017-10-25 11:27:29', 2, 1, 1, 5500),
	(8, '2018-12-10 22:22:39', 1, 1, 1, 5500),
	(9, '2017-08-21 23:07:46', 6, 2, 1, 3600),
	(10, '2019-05-28 17:06:52', 7, 2, 1, 3600),
	(11, '2019-10-28 13:22:47', 1, 13, 2, 50000),
	(12, '2019-10-29 23:07:35', 12, 13, 1, 25000),
	(13, '2019-10-29 23:11:52', 12, 13, 1, 25000),
	(14, '2019-10-29 23:13:05', 12, 13, 1, 25000),
	(15, '2019-10-29 23:15:16', 12, 13, 1, 25000),
	(16, '2019-10-29 23:16:38', 12, 13, 1, 25000);

CREATE TABLE IF NOT EXISTS `marcas` (
  `marca_id` int(11) NOT NULL AUTO_INCREMENT,
  `nombre` varchar(50) NOT NULL,
  PRIMARY KEY (`marca_id`)
);

INSERT INTO `marcas` (`marca_id`, `nombre`) VALUES
	(1, 'Adidas'),
	(2, 'Nike'),
	(3, 'Reebok'),
	(4, 'Topper'),
	(5, 'Puma'),
	(6, 'Converse'),
	(7, 'Crocs'),
	(8, 'DC'),
	(9, 'Vans'),
	(10, 'Le coq sportif'),
	(11, 'Apple'),
	(12, 'Samsung'),
	(13, 'Motorolla'),
	(14, 'Asus'),
	(15, 'HP'),
	(16, 'Toshiba'),
	(17, 'Tophouse'),
	(18, 'Peabody'),
	(19, 'Electrolux'),
	(20, 'Hisense'),
	(21, 'Sony');

CREATE TABLE IF NOT EXISTS `paises` (
  `pais_id` int(11) NOT NULL AUTO_INCREMENT,
  `nombre` varchar(255) NOT NULL,
  `pais_cod` varchar(255) NOT NULL,
  PRIMARY KEY (`pais_id`)
);

INSERT INTO `paises` (`pais_id`, `nombre`, `pais_cod`) VALUES
	(1, 'Afghanistan', 'AF'),
	(2, 'Åland', 'AX'),
	(3, 'Albania', 'AL'),
	(4, 'Algeria', 'DZ'),
	(5, 'American Samoa', 'AS'),
	(6, 'Andorra', 'AD'),
	(7, 'Angola', 'AO'),
	(8, 'Anguilla', 'AI'),
	(9, 'Antarctica', 'AQ'),
	(10, 'Antigua and Barbuda', 'AG'),
	(11, 'Argentina', 'AR'),
	(12, 'Armenia', 'AM'),
	(13, 'Aruba', 'AW'),
	(14, 'Australia', 'AU'),
	(15, 'Austria', 'AT'),
	(16, 'Azerbaijan', 'AZ'),
	(17, 'Bahamas', 'BS'),
	(18, 'Bahrain', 'BH'),
	(19, 'Bangladesh', 'BD'),
	(20, 'Barbados', 'BB'),
	(21, 'Belarus', 'BY'),
	(22, 'Belgium', 'BE'),
	(23, 'Belize', 'BZ'),
	(24, 'Benin', 'BJ'),
	(25, 'Bermuda', 'BM'),
	(26, 'Bhutan', 'BT'),
	(27, 'Bolivia', 'BO'),
	(28, 'Bonaire', 'BQ'),
	(29, 'Bosnia and Herzegovina', 'BA'),
	(30, 'Botswana', 'BW'),
	(31, 'Bouvet Island', 'BV'),
	(32, 'Brazil', 'BR'),
	(33, 'British Indian Ocean Territory', 'IO'),
	(34, 'British Virgin Islands', 'VG'),
	(35, 'Brunei', 'BN'),
	(36, 'Bulgaria', 'BG'),
	(37, 'Burkina Faso', 'BF'),
	(38, 'Burundi', 'BI'),
	(39, 'Cambodia', 'KH'),
	(40, 'Cameroon', 'CM'),
	(41, 'Canada', 'CA'),
	(42, 'Cape Verde', 'CV'),
	(43, 'Cayman Islands', 'KY'),
	(44, 'Central African Republic', 'CF'),
	(45, 'Chad', 'TD'),
	(46, 'Chile', 'CL'),
	(47, 'China', 'CN'),
	(48, 'Christmas Island', 'CX'),
	(49, 'Cocos [Keeling] Islands', 'CC'),
	(50, 'Colombia', 'CO'),
	(51, 'Comoros', 'KM'),
	(52, 'Cook Islands', 'CK'),
	(53, 'Costa Rica', 'CR'),
	(54, 'HRV', 'Croatia'),
	(55, 'Cuba', 'CU'),
	(56, 'Curacao', 'CW'),
	(57, 'Cyprus', 'CY'),
	(58, 'Czech Republic', 'CZ'),
	(59, 'Democratic Republic of the Congo', 'CD'),
	(60, 'Denmark', 'DK'),
	(61, 'Djibouti', 'DJ'),
	(62, 'Dominica', 'DM'),
	(63, 'Dominican Republic', 'DO'),
	(64, 'East Timor', 'TL'),
	(65, 'Ecuador', 'EC'),
	(66, 'Egypt', 'EG'),
	(67, 'El Salvador', 'SV'),
	(68, 'Equatorial Guinea', 'GQ'),
	(69, 'Eritrea', 'ER'),
	(70, 'Estonia', 'EE'),
	(71, 'Ethiopia', 'ET'),
	(72, 'Falkland Islands', 'FK'),
	(73, 'Faroe Islands', 'FO'),
	(74, 'Fiji', 'FJ'),
	(75, 'Finland', 'FI'),
	(76, 'France', 'FR'),
	(77, 'French Guiana', 'GF'),
	(78, 'French Polynesia', 'PF'),
	(79, 'French Southern Territories', 'TF'),
	(80, 'Gabon', 'GA'),
	(81, 'Gambia', 'GM'),
	(82, 'Georgia', 'GE'),
	(83, 'Germany', 'DE'),
	(84, 'Ghana', 'GH'),
	(85, 'Gibraltar', 'GI'),
	(86, 'Greece', 'GR'),
	(87, 'Greenland', 'GL'),
	(88, 'Grenada', 'GD'),
	(89, 'Guadeloupe', 'GP'),
	(90, 'Guam', 'GU'),
	(91, 'Guatemala', 'GT'),
	(92, 'Guernsey', 'GG'),
	(93, 'Guinea', 'GN'),
	(94, 'Guinea-Bissau', 'GW'),
	(95, 'Guyana', 'GY'),
	(96, 'Haiti', 'HT'),
	(97, 'Heard Island and McDonald Islands', 'HM'),
	(98, 'Honduras', 'HN'),
	(99, 'Hong Kong', 'HK'),
	(100, 'Hungary', 'HU'),
	(101, 'Iceland', 'IS'),
	(102, 'India', 'IN'),
	(103, 'Indonesia', 'ID'),
	(104, 'Iran', 'IR'),
	(105, 'Iraq', 'IQ'),
	(106, 'Ireland', 'IE'),
	(107, 'Isle of Man', 'IM'),
	(108, 'Israel', 'IL'),
	(109, 'Italy', 'IT'),
	(110, 'Ivory Coast', 'CI'),
	(111, 'Jamaica', 'JM'),
	(112, 'Japan', 'JP'),
	(113, 'Jersey', 'JE'),
	(114, 'Jordan', 'JO'),
	(115, 'Kazakhstan', 'KZ'),
	(116, 'Kenya', 'KE'),
	(117, 'Kiribati', 'KI'),
	(118, 'Kosovo', 'XK'),
	(119, 'Kuwait', 'KW'),
	(120, 'Kyrgyzstan', 'KG'),
	(121, 'Laos', 'LA'),
	(122, 'Latvia', 'LV'),
	(123, 'Lebanon', 'LB'),
	(124, 'Lesotho', 'LS'),
	(125, 'Liberia', 'LR'),
	(126, 'Libya', 'LY'),
	(127, 'Liechtenstein', 'LI'),
	(128, 'Lithuania', 'LT'),
	(129, 'Luxembourg', 'LU'),
	(130, 'Macao', 'MO'),
	(131, 'Macedonia', 'MK'),
	(132, 'Madagascar', 'MG'),
	(133, 'Malawi', 'MW'),
	(134, 'Malaysia', 'MY'),
	(135, 'Maldives', 'MV'),
	(136, 'Mali', 'ML'),
	(137, 'Malta', 'MT'),
	(138, 'Marshall Islands', 'MH'),
	(139, 'Martinique', 'MQ'),
	(140, 'Mauritania', 'MR'),
	(141, 'Mauritius', 'MU'),
	(142, 'Mayotte', 'YT'),
	(143, 'Mexico', 'MX'),
	(144, 'Micronesia', 'FM'),
	(145, 'Moldova', 'MD'),
	(146, 'Monaco', 'MC'),
	(147, 'Mongolia', 'MN'),
	(148, 'Montenegro', 'ME'),
	(149, 'Montserrat', 'MS'),
	(150, 'Morocco', 'MA'),
	(151, 'Mozambique', 'MZ'),
	(152, 'Myanmar [Burma]', 'MM'),
	(153, 'Namibia', 'NA'),
	(154, 'Nauru', 'NR'),
	(155, 'Nepal', 'NP'),
	(156, 'Netherlands', 'NL'),
	(157, 'New Caledonia', 'NC'),
	(158, 'New Zealand', 'NZ'),
	(159, 'Nicaragua', 'NI'),
	(160, 'Niger', 'NE'),
	(161, 'Nigeria', 'NG'),
	(162, 'Niue', 'NU'),
	(163, 'Norfolk Island', 'NF'),
	(164, 'North Korea', 'KP'),
	(165, 'Northern Mariana Islands', 'MP'),
	(166, 'Norway', 'NO'),
	(167, 'Oman', 'OM'),
	(168, 'Pakistan', 'PK'),
	(169, 'Palau', 'PW'),
	(170, 'Palestine', 'PS'),
	(171, 'Panama', 'PA'),
	(172, 'Papua New Guinea', 'PG'),
	(173, 'Paraguay', 'PY'),
	(174, 'Peru', 'PE'),
	(175, 'Philippines', 'PH'),
	(176, 'Pitcairn Islands', 'PN'),
	(177, 'Poland', 'PL'),
	(178, 'Portugal', 'PT'),
	(179, 'Puerto Rico', 'PR'),
	(180, 'Qatar', 'QA'),
	(181, 'Republic of the Congo', 'CG'),
	(182, 'Réunion', 'RE'),
	(183, 'Romania', 'RO'),
	(184, 'Russia', 'RU'),
	(185, 'Rwanda', 'RW'),
	(186, 'Saint Barthélemy', 'BL'),
	(187, 'Saint Helena', 'SH'),
	(188, 'Saint Kitts and Nevis', 'KN'),
	(189, 'Saint Lucia', 'LC'),
	(190, 'Saint Martin', 'MF'),
	(191, 'Saint Pierre and Miquelon', 'PM'),
	(192, 'Saint Vincent and the Grenadines', 'VC'),
	(193, 'Samoa', 'WS'),
	(194, 'San Marino', 'SM'),
	(195, 'São Tomé and Príncipe', 'ST'),
	(196, 'Saudi Arabia', 'SA'),
	(197, 'Senegal', 'SN'),
	(198, 'Serbia', 'RS'),
	(199, 'Seychelles', 'SC'),
	(200, 'Sierra Leone', 'SL'),
	(201, 'Singapore', 'SG'),
	(202, 'Sint Maarten', 'SX'),
	(203, 'Slovakia', 'SK'),
	(204, 'Slovenia', 'SI'),
	(205, 'Solomon Islands', 'SB'),
	(206, 'Somalia', 'SO'),
	(207, 'South Africa', 'ZA'),
	(208, 'South Georgia and the South Sandwich Islands', 'GS'),
	(209, 'South Korea', 'KR'),
	(210, 'South Sudan', 'SS'),
	(211, 'Spain', 'ES'),
	(212, 'Sri Lanka', 'LK'),
	(213, 'Sudan', 'SD'),
	(214, 'Suriname', 'SR'),
	(215, 'Svalbard and Jan Mayen', 'SJ'),
	(216, 'Swaziland', 'SZ'),
	(217, 'Sweden', 'SE'),
	(218, 'Switzerland', 'CH'),
	(219, 'Syria', 'SY'),
	(220, 'Taiwan', 'TW'),
	(221, 'Tajikistan', 'TJ'),
	(222, 'Tanzania', 'TZ'),
	(223, 'Thailand', 'TH'),
	(224, 'Togo', 'TG'),
	(225, 'Tokelau', 'TK'),
	(226, 'Tonga', 'TO'),
	(227, 'Trinidad and Tobago', 'TT'),
	(228, 'Tunisia', 'TN'),
	(229, 'Turkey', 'TR'),
	(230, 'Turkmenistan', 'TM'),
	(231, 'Turks and Caicos Islands', 'TC'),
	(232, 'Tuvalu', 'TV'),
	(233, 'U.S. Minor Outlying Islands', 'UM'),
	(234, 'U.S. Virgin Islands', 'VI'),
	(235, 'Uganda', 'UG'),
	(236, 'Ukraine', 'UA'),
	(237, 'United Arab Emirates', 'AE'),
	(238, 'United Kingdom', 'GB'),
	(239, 'United States', 'US'),
	(240, 'Uruguay', 'UY'),
	(241, 'Uzbekistan', 'UZ'),
	(242, 'Vanuatu', 'VU'),
	(243, 'Vatican City', 'VA'),
	(244, 'Venezuela', 'VE'),
	(245, 'Vietnam', 'VN'),
	(246, 'Wallis and Futuna', 'WF'),
	(247, 'Western Sahara', 'EH'),
	(248, 'Yemen', 'YE'),
	(249, 'Zambia', 'ZM'),
	(250, 'Zimbabwe', 'ZW');

CREATE TABLE IF NOT EXISTS `productos` (
  `producto_id` int(11) NOT NULL AUTO_INCREMENT,
  `nombre` varchar(50) NOT NULL,
  `descripcion` text DEFAULT NULL,
  `precio` float NOT NULL,
  `categoria_id` int(11) DEFAULT NULL,
  `marca_id` int(11) DEFAULT NULL,
  `cantidad` smallint(6) NOT NULL,
  PRIMARY KEY (`producto_id`),
  KEY `categoria_id` (`categoria_id`),
  KEY `marca_id` (`marca_id`),
  FOREIGN KEY (`categoria_id`) REFERENCES `categorias` (`categoria_id`),
  FOREIGN KEY (`marca_id`) REFERENCES `marcas` (`marca_id`)
);

INSERT INTO `productos` (`producto_id`, `nombre`, `descripcion`, `precio`, `categoria_id`, `marca_id`, `cantidad`) VALUES
	(1, 'Zapatillas runner', 'Zapatillas runner', 5500, 1, 1, 20),
	(2, 'Zapatillas tennis', 'Zapatillas tenis', 3600, 1, 1, 19),
	(3, 'Camiseta Boca Juniors', 'Camiseta con los colores y logo del Boca Juniors', 1100, 2, 2, 14),
	(4, 'Camiseta River Plate', 'Camiseta de algodon', 1100, 2, 1, 15),
	(5, 'Zapatillas skateboard', 'Zapatillas negras para montar patineta', 3000, 1, 8, 20),
	(6, 'Pelota de fútbol', 'Pelota de fútbol del Mundial 2018', 1200, 8, 4, 5),
	(7, 'Guantes de boxeo', 'Guantes rojos de Boxeo', 1600, 8, 1, 2),
	(8, 'Short deportivo', 'Shorts deportivo de dryfit', 1100, 3, 2, 22),
	(9, 'Campera Boca Junios', 'Campera con los colores y el logo de Boca Juniors', 2200, 4, 2, 13),
	(10, 'Campera Seleccion Argentina', 'Campera con el logo y los colores de la selección Argentina', 2500, 4, 2, 11),
	(11, 'iPhone X', 'Telefono inteligente de Apple', 65000, 9, 11, 3),
	(12, 'Galaxy s10', 'Telefono inteligente de Samsung', 54000, 9, 12, 13),
	(13, 'Moto G6S Plus', 'Telefono inteligente de Motorolla', 25000, 9, 13, 13),
	(14, 'Laptop Republic of Gamers GL551J', 'Laptop con 16gb de Ram, pantalla de 17", HDD de 1tb, Nvidia 860m y teclado ilumidado', 60000, 11, 14, 3),
	(15, 'Laptop Satellite Pro C840', 'Laptop para oficina Toshiba, Ram 4gb, HDD 500gb, patalla 15"', 1100, 11, 16, 5),
	(16, 'TV 55" S4638', 'Televisor de 55 pulgadas 4K', 34000, 8, 21, 7),
	(17, 'TV 50" HLE5017', 'Televisor de 50 pulgadas, UltraHD, 4K', 25000, 8, 20, 6),
	(18, 'iPod nano', 'Reproducto de musica digital', 1100, 12, 11, 5),
	(19, 'Auriculares SN4309', 'Auriculares polifonicos con microfono incorporado', 1100, 12, 21, 4),
	(20, 'Licuadora Smartchef', 'Licuadora de 400W con 3 velocidades y vaso de vidrio', 1100, 10, 18, 3),
	(21, 'Nevera D60350NX', 'Heladera color plata, no frost, bajo consumo electrico', 1100, 10, 17, 2);

CREATE TABLE IF NOT EXISTS `provincias` (
  `provincia_id` int(11) NOT NULL AUTO_INCREMENT,
  `nombre` varchar(100) NOT NULL,
  `pais_id` int(11) DEFAULT NULL,
  PRIMARY KEY (`provincia_id`),
  KEY `pais_id` (`pais_id`),
  FOREIGN KEY (`pais_id`) REFERENCES `paises` (`pais_id`)
);

INSERT INTO `provincias` (`provincia_id`, `nombre`, `pais_id`) VALUES
	(1, 'Buenos Aires', 11),
	(2, 'Catamarca', 11),
	(3, 'Chaco', 11),
	(4, 'Chubut', 11),
	(5, 'Córdoba', 11),
	(6, 'Corrientes', 11),
	(7, 'Entre Ríos', 11),
	(8, 'Formosa', 11),
	(9, 'Jujui', 11),
	(10, 'La Pampa', 11),
	(11, 'La Rioja', 11),
	(12, 'Mendoza', 11),
	(13, 'Misiones', 11),
	(14, 'Neuquén', 11),
	(15, 'Río Negro', 11),
	(16, 'Salta', 11),
	(17, 'San Juan', 11),
	(18, 'San Luis', 11),
	(19, 'Santa Cruz', 11),
	(20, 'Samta Fe', 11),
	(21, 'Santiago del Estero', 11),
	(22, 'Tierra del Fuego', 11),
	(23, 'Cundinamarca', 50),
	(24, 'Distrito Capital', 244),
	(25, 'Lima', 174),
	(26, 'Río de Janeiro', 32),
	(27, 'Metropolitana de Santiago', 46),
	(28, 'Chuquisaca', 27),
	(29, 'Montevideo', 240),
	(30, 'Distrito Capital', 173);

CREATE TABLE IF NOT EXISTS `usuarios` (
  `usuario_id` int(11) NOT NULL AUTO_INCREMENT,
  `dni` int(11) NOT NULL,
  `nombre` varchar(50) NOT NULL,
  `apellido` varchar(50) NOT NULL,
  `clave` char(150) NOT NULL,
  `email` varchar(50) NOT NULL,
  `telefono` char(20) NOT NULL,
  `direccion` varchar(200) NOT NULL,
  `ciudad_id` int(11) NOT NULL,
  PRIMARY KEY (`usuario_id`),
  KEY `ciudad_id` (`ciudad_id`),
  FOREIGN KEY (`ciudad_id`) REFERENCES `ciudades` (`ciudad_id`)
);

INSERT INTO `usuarios` (`usuario_id`, `dni`, `nombre`, `apellido`, `clave`, `email`, `telefono`, `direccion`, `ciudad_id`) VALUES
	(1, 39100420, 'Martina', 'Gutierrez', 'gatonegro', 'martg@gmail.com', '1554584969', 'Malaver 876 cp4713', 3),
	(2, 23049956, 'Federico', 'Gomez', 'picapiedra', 'fedgom@hotmail.com', '1569599739', 'General Pueyrredon 1564 cp3421', 2),
	(3, 38858949, 'Ximena', 'Podesta', 'elefante9', 'ximepo@gmail.com', '1566442235', 'Emilio Mitre 4222 cp1213', 7),
	(4, 11331122, 'Roberto', 'Mena', 'martina95', 'martg@hotmail.com', '114794632', 'Cuyo 366 cp1313', 6),
	(5, 42111124, 'Rodrigo', 'Castillo', 'gnr2013', 'rod_gnr@gmail.com', '1534226422', 'Santa Cruz 2020 cp1354', 5),
	(6, 32211112, 'Clara', 'Coppola', 'gatonegro', 'claracop@gmail.com', '211242234', 'Misiones 876 cp4713', 3),
	(7, 23122334, 'Francisca', 'Gomez', 'picapiedra', 'frang@hotmail.com', '232444221', 'Chacabuco 1564 cp3421', 2),
	(8, 38123443, 'Javier', 'Martin', 'elefante9', 'javi94@gmail.com', '2334221332', 'Juan Domingo Peron 4222 cp1213', 7),
	(9, 11554223, 'Analía', 'Mena', 'juisgi', 'anime01@hotmail.com', '244884663', 'Santa Fe 366 cp1313', 6),
	(10, 42154468, 'Sebastian', 'Castillo', 'gnr2013', 'sebcasti@hotmail.com', '322455646', 'Aconcagua 2020 cp1354', 5),
	(12, 95806829, 'Richard', 'Jimenez', '123456', 'ricjim@gmail.com', '1131592009', 'Jeronimo Salguero 1964 1425', 1);
